userid;count;mean
user_000002;7701;6.937930138942995
user_000003;4075;4.307239263803681
user_000001;2325;5.139784946236559
user_000004;2066;2.5450145208131656
